model,dataset,split,WER,CER
facebook/hubert-large-ls960-ft,mozilla-foundation/common_voice_16_1,test,0.38212290502793295,0.1454035649909874
facebook/hubert-large-ls960-ft,openslr/librispeech_asr-test.clean,test.clean,0.019251336898395723,0.005824462743522796
facebook/hubert-large-ls960-ft,openslr/librispeech_asr-test.other,test.other,0.043202033036848796,0.012378764675855029
facebook/hubert-large-ls960-ft,edinburghcstr/ami-ihm,test,0.4650735294117647,0.27833078101071973
facebook/hubert-large-ls960-ft,edinburghcstr/ami-sdm,test,0.7586837294332724,0.52455871066769
facebook/hubert-large-ls960-ft,distil-whisper/earnings22,test,0.41952165481577247,0.18635905476537126
facebook/hubert-large-ls960-ft,facebook/voxpopuli,test,0.21422955974842767,0.10713239601640305
facebook/hubert-large-ls960-ft,google/fleurs,test,0.1456859971711457,0.06545307443365696
facebook/hubert-large-ls960-ft,MLCommons/peoples_speech,test[:100],0.24384659416141957,0.13079507278835387
openai/whisper-large-v3,mozilla-foundation/common_voice_16_1,test,0.1553072625698324,0.06909673542960144
openai/whisper-large-v3,openslr/librispeech_asr-test.clean,test.clean,0.10481283422459893,0.025607551717212292
openai/whisper-large-v3,openslr/librispeech_asr-test.other,test.other,0.18614993646759848,0.05806533945890761
openai/whisper-large-v3,edinburghcstr/ami-ihm,test,1.0955882352941178,0.9341500765696784
openai/whisper-large-v3,edinburghcstr/ami-sdm,test,0.6398537477148081,0.4478127398311589
openai/whisper-large-v3,distil-whisper/earnings22,test,0.22495151906916613,0.11569044685855079
openai/whisper-large-v3,facebook/voxpopuli,test,0.2716194968553459,0.13503222026947861
openai/whisper-large-v3,google/fleurs,test,0.14757190004714757,0.040453074433656956
openai/whisper-large-v3,MLCommons/peoples_speech,test[:100],0.21293646250715512,0.09003359462486002
ibm-granite/granite-speech-3.3-8b,mozilla-foundation/common_voice_16_1,test,0.08491620111731843,0.05027037852994192
ibm-granite/granite-speech-3.3-8b,openslr/librispeech_asr-test.clean,test.clean,0.013368983957219251,0.0038160273147218315
ibm-granite/granite-speech-3.3-8b,openslr/librispeech_asr-test.other,test.other,0.03875476493011436,0.013272077590607452
ibm-granite/granite-speech-3.3-8b,edinburghcstr/ami-ihm,test,0.0974264705882353,0.06240428790199081
ibm-granite/granite-speech-3.3-8b,edinburghcstr/ami-sdm,test,0.3930530164533821,0.3656945510360706
ibm-granite/granite-speech-3.3-8b,distil-whisper/earnings22,test,0.27149321266968324,0.09676335535894277
ibm-granite/granite-speech-3.3-8b,facebook/voxpopuli,test,0.23663522012578617,0.16644698301113064
ibm-granite/granite-speech-3.3-8b,google/fleurs,test,0.14002828854314003,0.061245954692556635
ibm-granite/granite-speech-3.3-8b,MLCommons/peoples_speech,test[:100],0.10818546078992558,0.07222844344904815
nvidia/parakeet-tdt-0.6b-v2,mozilla-foundation/common_voice_16_1,test,0.1329608938547486,0.057480472661726414
nvidia/parakeet-tdt-0.6b-v2,openslr/librispeech_asr-test.clean,test.clean,0.15294117647058825,0.031231170917854992
nvidia/parakeet-tdt-0.6b-v2,openslr/librispeech_asr-test.other,test.other,0.2071156289707751,0.0479836651352731
nvidia/parakeet-tdt-0.6b-v2,edinburghcstr/ami-ihm,test,0.3805147058823529,0.16807044410413477
nvidia/parakeet-tdt-0.6b-v2,edinburghcstr/ami-sdm,test,0.4990859232175503,0.31696085955487335
nvidia/parakeet-tdt-0.6b-v2,distil-whisper/earnings22,test,0.24046541693600518,0.1342815544853847
nvidia/parakeet-tdt-0.6b-v2,facebook/voxpopuli,test,0.3014937106918239,0.1656414762741652
nvidia/parakeet-tdt-0.6b-v2,google/fleurs,test,0.14898632720414898,0.03859223300970874
nvidia/parakeet-tdt-0.6b-v2,MLCommons/peoples_speech,test[:100],0.2152261018889525,0.09283314669652856
mistralai/Voxtral-Mini-3B-2507,mozilla-foundation/common_voice_16_1,test,0.15307262569832403,0.07170038053274584
mistralai/Voxtral-Mini-3B-2507,openslr/librispeech_asr-test.clean,test.clean,0.11978609625668449,0.028218517774653545
mistralai/Voxtral-Mini-3B-2507,openslr/librispeech_asr-test.other,test.other,0.17090216010165185,0.04823889739663093
mistralai/Voxtral-Mini-3B-2507,edinburghcstr/ami-ihm,test,0.45588235294117646,0.23085758039816232
mistralai/Voxtral-Mini-3B-2507,edinburghcstr/ami-sdm,test,0.6691042047531993,0.4689178818112049
mistralai/Voxtral-Mini-3B-2507,distil-whisper/earnings22,test,0.21073044602456367,0.10740284466345615
mistralai/Voxtral-Mini-3B-2507,facebook/voxpopuli,test,0.279874213836478,0.13349443468072641
mistralai/Voxtral-Mini-3B-2507,google/fleurs,test,0.1471004243281471,0.03923948220064725
mistralai/Voxtral-Mini-3B-2507,MLCommons/peoples_speech,test[:100],0.25128792215226103,0.12978723404255318
nvidia/canary-qwen-2.5b,mozilla-foundation/common_voice_16_1,test,0.21675977653631284,0.10574804726617264
nvidia/canary-qwen-2.5b,openslr/librispeech_asr-test.clean,test.clean,0.11229946524064172,0.024904599317131956
nvidia/canary-qwen-2.5b,openslr/librispeech_asr-test.other,test.other,0.1454891994917408,0.048111281265952016
nvidia/canary-qwen-2.5b,edinburghcstr/ami-ihm,test,0.2867647058823529,0.2105666156202144
nvidia/canary-qwen-2.5b,edinburghcstr/ami-sdm,test,0.5813528336380256,0.43783576362240983
nvidia/canary-qwen-2.5b,distil-whisper/earnings22,test,0.3154492566257272,0.14044125881957667
nvidia/canary-qwen-2.5b,facebook/voxpopuli,test,0.18199685534591195,0.10493555946104277
nvidia/canary-qwen-2.5b,google/fleurs,test,0.13814238566713813,0.04483288824148256
nvidia/canary-qwen-2.5b,MLCommons/peoples_speech,test[:100],0.15684029765311963,0.08891377379619261